{"cameraMode":{"drawMode":0,"name":"Shaded","section":"Shading Mode"},"sceneLighting":true,"audioPlay":false,"sceneViewState":{"showFog":true,"showMaterialUpdate":false,"showSkybox":false,"showFlares":true,"showImageEffects":true,"showParticleSystems":true},"in2DMode":false,"pivot":{"x":0.0,"y":0.3000001907348633,"z":0.9000000953674316},"rotation":{"x":0.008201186545193196,"y":0.9772197008132935,"z":-0.20860344171524049,"w":0.03842610865831375},"size":3.1383841037750246,"orthographic":false}